{
  "generated_at_utc": "2026-02-03T17:12:40.145689+00:00",
  "generated_at_unix": 1770138760.145279,
  "meta": {
    "market": "1x2",
    "recent_days": 30,
    "baseline_days": 365,
    "min_samples": 120,
    "psi_warn": 0.15,
    "psi_high": 0.25
  },
  "championships": {}
}