{
  "generated_at_utc": "2026-02-02T17:54:35.001428+00:00",
  "generated_at_unix": 1770054875.0008461,
  "meta": {
    "market": "1x2",
    "recent_days": 30,
    "baseline_days": 365,
    "min_samples": 120,
    "psi_warn": 0.15,
    "psi_high": 0.25
  },
  "championships": {}
}