{
  "generated_at_utc": "2026-02-01T18:32:24.955375+00:00",
  "generated_at_unix": 1769970744.9543529,
  "meta": {
    "market": "1x2",
    "recent_days": 30,
    "baseline_days": 365,
    "min_samples": 120,
    "psi_warn": 0.15,
    "psi_high": 0.25
  },
  "championships": {}
}